investment_group,avg_ebit,avg_ni,avg_sale
High,1396.255124361547,846.3370011400948,10259.915970631157
Low,176.40869573480774,85.75799407612183,721.98675672607
